step,type,amount,nameOrig,oldbalanceOrg,newbalanceOrig,nameDest,oldbalanceDest,newbalanceDest,isFraud,isFlaggedFraud,typology,note
1,CASH_OUT,8424.73,C401716971,178109.51,169684.78,M986770686,459625.76,468050.49,0,0,,
4,PAYMENT,2492.35,C651205694,64044.65,61552.3,M389676152,0.0,0.0,0,0,,
5,PAYMENT,541.18,C543740320,11826.32,11285.14,M107763043,0.0,0.0,0,0,,
6,DEBIT,41.68,C319508873,140344.22,140302.54,M367193084,0.0,0.0,0,0,,
10,CASH_OUT,6036.34,C794463155,96979.77,90943.43,M867963368,669600.19,675636.53,0,0,,
13,CASH_IN,37457.84,C789074153,83260.27,120718.11,C375721478,0.0,0.0,0,0,,
15,DEBIT,1644.14,C490773539,42497.34,40853.2,M524245180,0.0,0.0,0,0,,
18,PAYMENT,516.18,C703603729,48781.59,48265.41,M169213118,0.0,0.0,0,0,,
20,PAYMENT,402.5,C296769063,62467.32,62064.82,M455570751,0.0,0.0,0,0,,
20,CASH_OUT,3979.17,C380908415,29841.5,25862.33,M360481422,340751.08,344730.25,0,0,,
22,TRANSFER,6173.29,C903084799,128739.5,122566.21,C339725383,101993.9,108167.19,0,0,,
26,CASH_OUT,2349.51,C958374244,148748.59,146399.08,M774077840,799241.37,801590.88,0,0,,
27,CASH_OUT,5712.95,C219239367,28927.47,23214.52,M230122304,402416.11,408129.06,0,0,,
30,CASH_IN,33851.52,C556190377,39325.86,73177.38,C385091100,0.0,0.0,0,0,,
33,PAYMENT,1311.76,C240183227,14103.4,12791.64,M812890013,0.0,0.0,0,0,,
41,DEBIT,604.3,C293826051,15647.8,15043.5,M703478308,0.0,0.0,0,0,,
43,CASH_IN,3278.67,C846695376,107865.94,111144.61,C109639328,0.0,0.0,0,0,,
46,CASH_OUT,1863.77,C339668837,92168.26,90304.49,M893516600,850046.8,851910.57,0,0,,
46,CASH_OUT,9706.61,C828149752,86710.56,77003.95,M742630717,73022.04,82728.65,0,0,,
50,CASH_IN,35344.37,C225136815,154834.55,190178.92,C700900077,0.0,0.0,0,0,,
52,CASH_IN,1751.53,C318716344,4460.65,6212.18,C237501313,0.0,0.0,0,0,,
54,PAYMENT,2473.21,C847452908,119395.86,116922.65,M775779370,0.0,0.0,0,0,,
62,DEBIT,289.68,C527915124,42635.96,42346.28,M721313728,0.0,0.0,0,0,,
73,PAYMENT,416.51,C850009515,33908.36,33491.85,M262289090,0.0,0.0,0,0,,
76,TRANSFER,4751.45,C364078064,85324.07,80572.62,C224156465,4588.6,9340.05,0,0,,
86,CASH_OUT,7420.91,C355834295,179997.99,172577.08,M582986132,83911.93,91332.84,0,0,,
88,DEBIT,613.21,C873480321,6176.86,5563.65,M260055965,0.0,0.0,0,0,,
90,CASH_IN,25337.49,C239528505,56618.21,81955.7,C373118594,0.0,0.0,0,0,,
90,PAYMENT,2485.04,C579970696,9983.27,7498.23,M681426079,0.0,0.0,0,0,,
93,CASH_IN,32579.04,C279665516,34122.53,66701.57,C585254779,0.0,0.0,0,0,,
94,PAYMENT,1763.96,C466923636,166923.32,165159.36,M606777502,0.0,0.0,0,0,,
96,PAYMENT,1798.99,C676153892,129947.19,128148.2,M624970877,0.0,0.0,0,0,,
96,PAYMENT,1611.62,C735626053,142084.05,140472.43,M959530368,0.0,0.0,0,0,,
98,TRANSFER,229646.11,C492446642,229646.11,0.0,C224450095,0.0,229646.11,1,0,ACCOUNT_TAKEOVER,Entire balance moved in a single transfer
98,TRANSFER,1449.34,C927031595,60647.02,59197.68,C448824662,83575.45,85024.79,0,0,,
103,PAYMENT,336.21,C151795170,157539.91,157203.7,M197719773,0.0,0.0,0,0,,
104,CASH_OUT,11999.94,C650385427,177023.1,165023.16,M126278490,136006.43,148006.37,0,0,,
106,TRANSFER,1881.99,C429396223,123988.46,122106.47,C410217519,51144.63,53026.62,0,0,,
109,CASH_OUT,1062.81,C111242055,5945.26,4882.45,M557577708,107587.15,108649.96,0,0,,
109,TRANSFER,7921.04,C115455108,129410.55,121489.51,C419665835,86670.82,94591.86,0,0,,
110,TRANSFER,5650.78,C408099434,124589.83,118939.05,C820404392,91254.39,96905.17,0,0,,
113,TRANSFER,2412.9,C336345458,24619.97,22207.07,C324528061,82135.62,84548.52,0,0,,
118,PAYMENT,420.54,C290953447,53709.76,53289.22,M504735470,0.0,0.0,0,0,,
120,CASH_IN,34551.03,C977202103,59621.1,94172.13,C553646223,0.0,0.0,0,0,,
123,CASH_IN,20617.22,C469235489,12568.35,33185.57,C897633584,0.0,0.0,0,0,,
124,CASH_OUT,3832.29,C700813222,136352.52,132520.23,M606990708,359238.75,363071.04,0,0,,
127,PAYMENT,761.63,C312492180,66268.02,65506.39,M869245495,0.0,0.0,0,0,,
129,TRANSFER,7154.08,C985434529,110368.06,103213.98,C597380142,8860.18,16014.26,0,0,,
130,CASH_OUT,5086.31,C831193798,102670.46,97584.15,M491243363,246711.09,251797.4,0,0,,
131,PAYMENT,1406.29,C472371255,22602.84,21196.55,M804662728,0.0,0.0,0,0,,
131,PAYMENT,1220.14,C218380542,129993.57,128773.43,M899941430,0.0,0.0,0,0,,
139,CASH_OUT,10610.71,C460110860,110213.41,99602.7,M916142030,880128.22,890738.93,0,0,,
140,CASH_IN,10435.5,C478419808,82218.3,92653.8,C878285640,0.0,0.0,0,0,,
142,TRANSFER,26773.06,C881064315,26773.06,0.0,C176862427,43276.67,70049.73,1,0,MULE_NETWORK,Spoke 3 of 4 converging on sink C176862427
142,TRANSFER,32097.8,C885153431,32097.8,0.0,C176862427,11178.87,43276.67,1,0,MULE_NETWORK,Spoke 2 of 4 converging on sink C176862427
142,TRANSFER,30769.52,C364227354,30769.52,0.0,C176862427,70049.73,100819.25,1,0,MULE_NETWORK,Spoke 4 of 4 converging on sink C176862427
142,TRANSFER,11178.87,C852591164,11178.87,0.0,C176862427,0.0,11178.87,1,0,MULE_NETWORK,Spoke 1 of 4 converging on sink C176862427
142,TRANSFER,3917.72,C305730467,175958.65,172040.93,C399024304,87524.95,91442.67,0,0,,
142,PAYMENT,554.02,C338059141,138283.55,137729.53,M681281541,0.0,0.0,0,0,,
143,DEBIT,116.59,C629820467,10400.7,10284.11,M611407402,0.0,0.0,0,0,,
143,PAYMENT,529.09,C259008772,24119.93,23590.84,M462825642,0.0,0.0,0,0,,
144,PAYMENT,2251.23,C371997270,117712.31,115461.08,M930552158,0.0,0.0,0,0,,
144,CASH_OUT,100819.25,C176862427,100819.25,0.0,M812000932,0.0,100819.25,1,0,MULE_NETWORK,Sink account emptied after receiving from 4 spokes
145,TRANSFER,5443.92,C219865504,145447.53,140003.61,C355666810,47548.56,52992.48,0,0,,
147,PAYMENT,1020.22,C920902309,76374.16,75353.94,M842405870,0.0,0.0,0,0,,
152,PAYMENT,2405.58,C827809084,110027.1,107621.52,M139076561,0.0,0.0,0,0,,
152,PAYMENT,2001.83,C530599216,23875.01,21873.18,M155957278,0.0,0.0,0,0,,
152,TRANSFER,97345.18,C515340531,98778.21,1433.03,C563794063,0.0,97345.18,1,0,LAYERING,Hop 1 of 5 in the chain
153,TRANSFER,94969.61,C563794063,97345.18,2375.57,C835143039,0.0,94969.61,1,0,LAYERING,Hop 2 of 5 in the chain
153,CASH_OUT,474.69,C459604306,139330.72,138856.03,M354979140,441399.8,441874.49,0,0,,
154,TRANSFER,92136.54,C835143039,94969.61,2833.07,C186227194,0.0,92136.54,1,0,LAYERING,Hop 3 of 5 in the chain
155,TRANSFER,87883.83,C186227194,92136.54,4252.71,C757330370,0.0,87883.83,1,0,LAYERING,Hop 4 of 5 in the chain
156,TRANSFER,84805.68,C757330370,87883.83,3078.15,C784963413,0.0,84805.68,1,0,LAYERING,Hop 5 of 5 in the chain
166,CASH_OUT,2629.01,C786857791,113423.15,110794.14,M722857144,185417.33,188046.34,0,0,,
169,TRANSFER,6985.95,C804652423,19730.33,12744.38,C617102905,38218.82,45204.77,0,0,,
171,PAYMENT,300.99,C310157160,173914.14,173613.15,M520967167,0.0,0.0,0,0,,
172,PAYMENT,1368.7,C277326016,147260.22,145891.52,M746198355,0.0,0.0,0,0,,
175,CASH_IN,12723.19,C206651142,121933.48,134656.67,C747767981,0.0,0.0,0,0,,
180,CASH_OUT,9362.91,C107806116,45854.78,36491.87,M270829794,794181.84,803544.75,0,0,,
189,CASH_IN,35989.53,C458174557,72151.84,108141.37,C301861127,0.0,0.0,0,0,,
189,PAYMENT,2383.14,C600465552,174901.41,172518.27,M500240962,0.0,0.0,0,0,,
192,CASH_OUT,9349.92,C758436237,154968.71,145618.79,M883919111,218273.37,227623.29,0,0,,
196,PAYMENT,2403.84,C692689434,141782.32,139378.48,M223045363,0.0,0.0,0,0,,
199,TRANSFER,4052.35,C130485877,124438.24,120385.89,C971640590,82511.67,86564.02,0,0,,
200,PAYMENT,387.96,C466044666,164658.04,164270.08,M958630510,0.0,0.0,0,0,,
200,PAYMENT,1445.55,C297808849,93182.99,91737.44,M789884273,0.0,0.0,0,0,,
203,DEBIT,1357.29,C221234878,49888.67,48531.38,M350755280,0.0,0.0,0,0,,
204,TRANSFER,9650.64,C347896204,106508.48,96857.84,C450665436,396.36,10047.0,1,0,SMURFING,"Tranche 1 of 10, held below the 10,000 threshold"
205,TRANSFER,9429.84,C347896204,96857.84,87428.0,C450665436,10047.0,19476.84,1,0,SMURFING,"Tranche 2 of 10, held below the 10,000 threshold"
206,TRANSFER,8815.26,C347896204,87428.0,78612.74,C450665436,19476.84,28292.1,1,0,SMURFING,"Tranche 3 of 10, held below the 10,000 threshold"
207,TRANSFER,9576.1,C347896204,78612.74,69036.64,C450665436,28292.1,37868.2,1,0,SMURFING,"Tranche 4 of 10, held below the 10,000 threshold"
208,TRANSFER,9804.76,C347896204,69036.64,59231.88,C450665436,37868.2,47672.96,1,0,SMURFING,"Tranche 5 of 10, held below the 10,000 threshold"
209,TRANSFER,9782.05,C347896204,59231.88,49449.83,C450665436,47672.96,57455.01,1,0,SMURFING,"Tranche 6 of 10, held below the 10,000 threshold"
210,CASH_OUT,6067.35,C553709716,53548.12,47480.77,M334895202,553497.88,559565.23,0,0,,
210,TRANSFER,9734.22,C347896204,49449.83,39715.61,C450665436,57455.01,67189.23,1,0,SMURFING,"Tranche 7 of 10, held below the 10,000 threshold"
211,TRANSFER,8885.36,C347896204,39715.61,30830.25,C450665436,67189.23,76074.59,1,0,SMURFING,"Tranche 8 of 10, held below the 10,000 threshold"
212,TRANSFER,9205.93,C347896204,30830.25,21624.32,C450665436,76074.59,85280.52,1,0,SMURFING,"Tranche 9 of 10, held below the 10,000 threshold"
213,CASH_IN,29439.54,C848367333,168127.64,197567.18,C394080444,0.0,0.0,0,0,,
213,TRANSFER,9640.53,C347896204,21624.32,11983.79,C450665436,85280.52,94921.05,1,0,SMURFING,"Tranche 10 of 10, held below the 10,000 threshold"
213,TRANSFER,8886.35,C683665763,129993.26,121106.91,C742413018,7654.27,16540.62,0,0,,
214,TRANSFER,23195.3,C432594945,23195.3,0.0,C508254083,136888.02,160083.32,1,0,MULE_NETWORK,Spoke 6 of 7 converging on sink C508254083
214,CASH_IN,35758.76,C664653972,104014.28,139773.04,C251713443,0.0,0.0,0,0,,
215,TRANSFER,41874.57,C934677297,41874.57,0.0,C508254083,41202.38,83076.95,1,0,MULE_NETWORK,Spoke 3 of 7 converging on sink C508254083
216,TRANSFER,22103.36,C594313030,22103.36,0.0,C508254083,114784.66,136888.02,1,0,MULE_NETWORK,Spoke 5 of 7 converging on sink C508254083
216,TRANSFER,33891.05,C651847105,33891.05,0.0,C508254083,160083.32,193974.37,1,0,MULE_NETWORK,Spoke 7 of 7 converging on sink C508254083
216,TRANSFER,10084.56,C420516449,10084.56,0.0,C508254083,31117.82,41202.38,1,0,MULE_NETWORK,Spoke 2 of 7 converging on sink C508254083
216,TRANSFER,31707.71,C513488034,31707.71,0.0,C508254083,83076.95,114784.66,1,0,MULE_NETWORK,Spoke 4 of 7 converging on sink C508254083
216,TRANSFER,31117.82,C647880131,31117.82,0.0,C508254083,0.0,31117.82,1,0,MULE_NETWORK,Spoke 1 of 7 converging on sink C508254083
217,CASH_OUT,193974.37,C508254083,193974.37,0.0,M673456643,0.0,193974.37,1,0,MULE_NETWORK,Sink account emptied after receiving from 7 spokes
220,PAYMENT,2226.46,C831923794,7777.44,5550.98,M652578744,0.0,0.0,0,0,,
223,PAYMENT,1703.58,C594890377,100771.59,99068.01,M786343887,0.0,0.0,0,0,,
225,PAYMENT,343.68,C604940038,97106.3,96762.62,M500872164,0.0,0.0,0,0,,
225,CASH_OUT,11023.56,C906985824,138692.97,127669.41,M760482333,587878.17,598901.73,0,0,,
229,PAYMENT,1541.8,C585297571,4927.04,3385.24,M685338969,0.0,0.0,0,0,,
233,CASH_IN,31540.8,C517196403,134928.11,166468.91,C986476595,0.0,0.0,0,0,,
233,PAYMENT,1093.27,C590172221,103184.31,102091.04,M635085723,0.0,0.0,0,0,,
241,PAYMENT,113.62,C773820085,173301.45,173187.83,M386891862,0.0,0.0,0,0,,
248,CASH_IN,13593.8,C999937561,81025.06,94618.86,C248155084,0.0,0.0,0,0,,
252,PAYMENT,147.44,C647640450,121135.08,120987.64,M738804031,0.0,0.0,0,0,,
257,PAYMENT,2106.13,C268102512,42417.75,40311.62,M516020422,0.0,0.0,0,0,,
258,CASH_IN,34105.26,C484938643,96733.9,130839.16,C228198159,0.0,0.0,0,0,,
259,TRANSFER,363770.99,C390123051,363770.99,0.0,C669792970,0.0,363770.99,1,0,ACCOUNT_TAKEOVER,Entire balance moved in a single transfer
267,CASH_OUT,1790.45,C398096744,4441.71,2651.26,M416687158,288767.48,290557.93,0,0,,
270,TRANSFER,2370.48,C385810145,177270.9,174900.42,C424087352,24614.04,26984.52,0,0,,
273,DEBIT,676.22,C541470203,150173.0,149496.78,M332350413,0.0,0.0,0,0,,
273,TRANSFER,8945.53,C981770560,110352.61,101407.08,C550582045,104888.08,113833.61,0,0,,
274,CASH_OUT,5532.12,C705895969,24396.32,18864.2,M616792724,288796.89,294329.01,0,0,,
276,PAYMENT,2305.11,C257538880,121963.32,119658.21,M445110123,0.0,0.0,0,0,,
278,PAYMENT,1045.77,C162883523,162673.44,161627.67,M274188941,0.0,0.0,0,0,,
279,CASH_OUT,7043.33,C983884541,136482.0,129438.67,M870160072,73154.63,80197.96,0,0,,
279,CASH_OUT,6529.74,C916164936,45309.63,38779.89,M799861015,663625.09,670154.83,0,0,,
280,CASH_OUT,782.07,C501449544,73751.4,72969.33,M671647955,231393.37,232175.44,0,0,,
280,PAYMENT,1931.0,C485384003,87438.44,85507.44,M920136772,0.0,0.0,0,0,,
283,CASH_OUT,2278.59,C556345503,22381.77,20103.18,M333650431,271916.69,274195.28,0,0,,
284,PAYMENT,274.2,C193563288,61387.31,61113.11,M210273771,0.0,0.0,0,0,,
293,PAYMENT,2386.13,C861852951,131437.07,129050.94,M648936433,0.0,0.0,0,0,,
295,PAYMENT,205.16,C158495883,38118.87,37913.71,M109746073,0.0,0.0,0,0,,
299,PAYMENT,2220.37,C242059515,172273.5,170053.13,M656937216,0.0,0.0,0,0,,
301,TRANSFER,1125.31,C370638230,170256.61,169131.3,C151501792,86632.74,87758.05,0,0,,
302,PAYMENT,408.01,C591012217,100780.69,100372.68,M245692873,0.0,0.0,0,0,,
304,CASH_OUT,900.66,C997095626,95882.11,94981.45,M806620709,533873.58,534774.24,0,0,,
306,PAYMENT,1510.89,C519801529,179169.12,177658.23,M256949491,0.0,0.0,0,0,,
307,PAYMENT,2138.99,C768883601,118631.06,116492.07,M529198645,0.0,0.0,0,0,,
308,PAYMENT,919.48,C662923772,179190.32,178270.84,M823904839,0.0,0.0,0,0,,
308,CASH_OUT,1695.56,C186861535,162296.02,160600.46,M194469719,860617.52,862313.08,0,0,,
310,CASH_IN,20114.77,C291686229,125759.26,145874.03,C954839103,0.0,0.0,0,0,,
311,TRANSFER,9538.49,C349397198,118444.77,108906.28,C148097854,4377.8,13916.29,1,0,SMURFING,"Tranche 1 of 8, held below the 10,000 threshold"
312,PAYMENT,327.96,C159535863,30984.38,30656.42,M518543523,0.0,0.0,0,0,,
312,PAYMENT,431.51,C856362625,10374.48,9942.97,M430803970,0.0,0.0,0,0,,
312,TRANSFER,9564.72,C349397198,108906.28,99341.56,C148097854,13916.29,23481.01,1,0,SMURFING,"Tranche 2 of 8, held below the 10,000 threshold"
313,TRANSFER,8875.67,C349397198,99341.56,90465.89,C148097854,23481.01,32356.68,1,0,SMURFING,"Tranche 3 of 8, held below the 10,000 threshold"
314,TRANSFER,9785.01,C349397198,90465.89,80680.88,C148097854,32356.68,42141.69,1,0,SMURFING,"Tranche 4 of 8, held below the 10,000 threshold"
315,TRANSFER,9391.37,C349397198,80680.88,71289.51,C148097854,42141.69,51533.06,1,0,SMURFING,"Tranche 5 of 8, held below the 10,000 threshold"
315,CASH_OUT,3478.28,C277256069,59226.71,55748.43,M587362953,595299.91,598778.19,0,0,,
316,TRANSFER,9302.74,C349397198,71289.51,61986.77,C148097854,51533.06,60835.8,1,0,SMURFING,"Tranche 6 of 8, held below the 10,000 threshold"
317,TRANSFER,9767.25,C349397198,61986.77,52219.52,C148097854,60835.8,70603.05,1,0,SMURFING,"Tranche 7 of 8, held below the 10,000 threshold"
318,TRANSFER,9427.67,C349397198,52219.52,42791.85,C148097854,70603.05,80030.72,1,0,SMURFING,"Tranche 8 of 8, held below the 10,000 threshold"
318,CASH_OUT,811.45,C592397979,84629.07,83817.62,M673892505,607154.67,607966.12,0,0,,
320,TRANSFER,3739.7,C902851272,33375.35,29635.65,C698430747,69740.71,73480.41,0,0,,
320,CASH_IN,12667.26,C210278392,158016.55,170683.81,C930646260,0.0,0.0,0,0,,
321,CASH_IN,32401.5,C987666941,61000.81,93402.31,C152532328,0.0,0.0,0,0,,
322,TRANSFER,1095.48,C529811114,165297.99,164202.51,C582266248,59093.13,60188.61,0,0,,
323,PAYMENT,1634.3,C906606902,36703.0,35068.7,M954371705,0.0,0.0,0,0,,
326,TRANSFER,886.14,C564330602,67891.36,67005.22,C769244072,105508.95,106395.09,0,0,,
327,PAYMENT,2415.33,C325081423,70815.16,68399.83,M387619029,0.0,0.0,0,0,,
331,CASH_IN,28482.96,C195221708,58771.93,87254.89,C541994776,0.0,0.0,0,0,,
334,CASH_OUT,7106.62,C982139614,84759.15,77652.53,M540867608,58939.69,66046.31,0,0,,
338,PAYMENT,975.61,C180145540,114549.14,113573.53,M539515577,0.0,0.0,0,0,,
338,TRANSFER,1273.34,C755652804,83327.88,82054.54,C505310688,111038.85,112312.19,0,0,,
339,CASH_OUT,48621.58,C815560551,48621.58,0.0,M624565773,0.0,48621.58,1,0,ACCOUNT_TAKEOVER,Remaining balance withdrawn immediately after
339,TRANSFER,72932.38,C815560551,121553.96,48621.58,C454490688,0.0,72932.38,1,0,ACCOUNT_TAKEOVER,First of two withdrawals draining the account
342,CASH_OUT,4162.49,C593819575,137551.82,133389.33,M719287342,318304.4,322466.89,0,0,,
346,TRANSFER,8949.52,C527822364,115279.38,106329.86,C149504082,3501.63,12451.15,1,0,SMURFING,"Tranche 1 of 9, held below the 10,000 threshold"
347,TRANSFER,8712.36,C527822364,106329.86,97617.5,C149504082,12451.15,21163.51,1,0,SMURFING,"Tranche 2 of 9, held below the 10,000 threshold"
348,TRANSFER,8944.26,C527822364,97617.5,88673.24,C149504082,21163.51,30107.77,1,0,SMURFING,"Tranche 3 of 9, held below the 10,000 threshold"
349,TRANSFER,9396.09,C527822364,88673.24,79277.15,C149504082,30107.77,39503.86,1,0,SMURFING,"Tranche 4 of 9, held below the 10,000 threshold"
350,TRANSFER,9135.85,C527822364,79277.15,70141.3,C149504082,39503.86,48639.71,1,0,SMURFING,"Tranche 5 of 9, held below the 10,000 threshold"
351,TRANSFER,9866.32,C527822364,70141.3,60274.98,C149504082,48639.71,58506.03,1,0,SMURFING,"Tranche 6 of 9, held below the 10,000 threshold"
352,TRANSFER,9412.36,C527822364,60274.98,50862.62,C149504082,58506.03,67918.39,1,0,SMURFING,"Tranche 7 of 9, held below the 10,000 threshold"
353,TRANSFER,9312.28,C527822364,50862.62,41550.34,C149504082,67918.39,77230.67,1,0,SMURFING,"Tranche 8 of 9, held below the 10,000 threshold"
354,TRANSFER,8923.91,C527822364,41550.34,32626.43,C149504082,77230.67,86154.58,1,0,SMURFING,"Tranche 9 of 9, held below the 10,000 threshold"
354,PAYMENT,2121.21,C892080134,122417.88,120296.67,M850909900,0.0,0.0,0,0,,
363,PAYMENT,38.2,C702555399,24380.53,24342.33,M193967462,0.0,0.0,0,0,,
366,TRANSFER,5950.5,C206543765,39739.14,33788.64,C755441412,87036.4,92986.9,0,0,,
367,CASH_IN,2252.43,C588919354,27671.03,29923.46,C223190971,0.0,0.0,0,0,,
367,CASH_IN,7503.95,C816035356,87434.57,94938.52,C320076243,0.0,0.0,0,0,,
369,PAYMENT,1261.48,C814307769,109016.26,107754.78,M373406485,0.0,0.0,0,0,,
371,CASH_IN,29880.43,C657581315,13355.52,43235.95,C670992431,0.0,0.0,0,0,,
372,TRANSFER,8047.39,C701890344,60094.99,52047.6,C252074951,55773.83,63821.22,0,0,,
374,TRANSFER,6958.29,C435891621,59097.8,52139.51,C626914428,116169.69,123127.98,0,0,,
374,CASH_OUT,11684.2,C166612797,72545.52,60861.32,M213213851,229387.68,241071.88,0,0,,
374,PAYMENT,183.15,C291377915,131388.81,131205.66,M649912210,0.0,0.0,0,0,,
376,PAYMENT,1673.2,C395169041,167871.1,166197.9,M717490761,0.0,0.0,0,0,,
380,TRANSFER,366.53,C141817839,51623.55,51257.02,C297938780,114001.73,114368.26,0,0,,
382,DEBIT,1711.34,C226330837,165530.94,163819.6,M192994840,0.0,0.0,0,0,,
383,PAYMENT,2394.88,C368666735,54372.92,51978.04,M807105275,0.0,0.0,0,0,,
387,CASH_OUT,11819.85,C940214233,170426.54,158606.69,M560555160,157288.78,169108.63,0,0,,
389,TRANSFER,8857.56,C288233267,126923.84,118066.28,C824836290,3450.41,12307.97,1,0,SMURFING,"Tranche 1 of 8, held below the 10,000 threshold"
390,TRANSFER,9843.87,C288233267,118066.28,108222.41,C824836290,12307.97,22151.84,1,0,SMURFING,"Tranche 2 of 8, held below the 10,000 threshold"
391,CASH_OUT,4537.35,C562458449,89508.46,84971.11,M969758267,347982.71,352520.06,0,0,,
391,TRANSFER,8781.38,C288233267,108222.41,99441.03,C824836290,22151.84,30933.22,1,0,SMURFING,"Tranche 3 of 8, held below the 10,000 threshold"
392,TRANSFER,9416.82,C288233267,99441.03,90024.21,C824836290,30933.22,40350.04,1,0,SMURFING,"Tranche 4 of 8, held below the 10,000 threshold"
393,TRANSFER,9182.16,C288233267,90024.21,80842.05,C824836290,40350.04,49532.2,1,0,SMURFING,"Tranche 5 of 8, held below the 10,000 threshold"
394,TRANSFER,9624.96,C288233267,80842.05,71217.09,C824836290,49532.2,59157.16,1,0,SMURFING,"Tranche 6 of 8, held below the 10,000 threshold"
394,TRANSFER,7310.56,C440218121,41331.89,34021.33,C891238167,70569.08,77879.64,0,0,,
395,TRANSFER,9525.58,C288233267,71217.09,61691.51,C824836290,59157.16,68682.74,1,0,SMURFING,"Tranche 7 of 8, held below the 10,000 threshold"
396,TRANSFER,9498.12,C288233267,61691.51,52193.39,C824836290,68682.74,78180.86,1,0,SMURFING,"Tranche 8 of 8, held below the 10,000 threshold"
400,PAYMENT,25.63,C179872642,10282.32,10256.69,M649433686,0.0,0.0,0,0,,
401,CASH_OUT,10465.12,C637669502,106593.03,96127.91,M336281468,534932.37,545397.49,0,0,,
403,TRANSFER,7824.11,C839956013,86379.47,78555.36,C860471591,13964.34,21788.45,0,0,,
403,PAYMENT,1855.65,C155951207,104179.02,102323.37,M211301232,0.0,0.0,0,0,,
403,DEBIT,54.09,C897697432,57329.07,57274.98,M955165071,0.0,0.0,0,0,,
404,CASH_OUT,8038.09,C737235796,127229.85,119191.76,M318048014,239809.71,247847.8,0,0,,
410,PAYMENT,856.01,C414852762,166590.32,165734.31,M878588340,0.0,0.0,0,0,,
422,TRANSFER,6981.48,C128895658,122210.94,115229.46,C911944815,51064.88,58046.36,0,0,,
423,TRANSFER,2258.27,C944239486,13184.41,10926.14,C573460830,83394.86,85653.13,0,0,,
424,DEBIT,44.86,C251720081,30759.92,30715.06,M786191928,0.0,0.0,0,0,,
427,PAYMENT,1720.88,C260329088,77483.33,75762.45,M523411895,0.0,0.0,0,0,,
429,TRANSFER,22440.1,C299051004,22440.1,0.0,C324962037,0.0,22440.1,1,0,MULE_NETWORK,Spoke 1 of 4 converging on sink C324962037
429,TRANSFER,40549.33,C721915967,40549.33,0.0,C324962037,22440.1,62989.43,1,0,MULE_NETWORK,Spoke 2 of 4 converging on sink C324962037
429,TRANSFER,34244.18,C338141976,34244.18,0.0,C324962037,106965.84,141210.02,1,0,MULE_NETWORK,Spoke 4 of 4 converging on sink C324962037
430,TRANSFER,43976.41,C976082672,43976.41,0.0,C324962037,62989.43,106965.84,1,0,MULE_NETWORK,Spoke 3 of 4 converging on sink C324962037
432,CASH_OUT,141210.02,C324962037,141210.02,0.0,M492390141,0.0,141210.02,1,0,MULE_NETWORK,Sink account emptied after receiving from 4 spokes
440,CASH_OUT,1457.07,C401513685,149084.48,147627.41,M862979414,675309.37,676766.44,0,0,,
442,CASH_OUT,1282.51,C721028312,123147.42,121864.91,M392956399,620363.99,621646.5,0,0,,
444,TRANSFER,1679.89,C570752124,5782.61,4102.72,C283707306,110873.19,112553.08,0,0,,
447,CASH_OUT,3537.53,C321362154,90798.23,87260.7,M900774134,778512.01,782049.54,0,0,,
449,CASH_OUT,735.95,C147949901,20361.01,19625.06,M784438947,585922.09,586658.04,0,0,,
452,PAYMENT,2184.02,C457651480,108949.12,106765.1,M635196380,0.0,0.0,0,0,,
456,PAYMENT,1059.11,C373441069,98866.87,97807.76,M352837556,0.0,0.0,0,0,,
458,PAYMENT,2149.0,C820722144,171545.77,169396.77,M373403961,0.0,0.0,0,0,,
462,PAYMENT,776.0,C320329360,107859.64,107083.64,M131433374,0.0,0.0,0,0,,
463,PAYMENT,1975.07,C878036247,9147.64,7172.57,M695370175,0.0,0.0,0,0,,
464,TRANSFER,2541.68,C621695593,139107.91,136566.23,C541969706,23874.45,26416.13,0,0,,
464,CASH_OUT,3897.6,C921654987,110734.37,106836.77,M521599359,98954.24,102851.84,0,0,,
465,CASH_IN,14971.45,C152490543,10860.57,25832.02,C712377170,0.0,0.0,0,0,,
470,PAYMENT,2037.94,C179768422,59081.96,57044.02,M905406276,0.0,0.0,0,0,,
471,PAYMENT,1865.45,C967253730,112378.94,110513.49,M840016065,0.0,0.0,0,0,,
478,PAYMENT,2167.25,C535589624,140201.87,138034.62,M110471169,0.0,0.0,0,0,,
483,PAYMENT,2349.48,C798633099,131617.23,129267.75,M707266410,0.0,0.0,0,0,,
487,CASH_IN,20519.12,C299281947,39851.16,60370.28,C297718651,0.0,0.0,0,0,,
489,CASH_OUT,3070.44,C850792666,81262.29,78191.85,M233792398,323003.8,326074.24,0,0,,
490,PAYMENT,1518.92,C951434389,38023.45,36504.53,M521728278,0.0,0.0,0,0,,
493,TRANSFER,4870.36,C427670556,37862.26,32991.9,C953853552,42073.79,46944.15,0,0,,
496,CASH_OUT,1477.96,C887728919,159236.91,157758.95,M383168574,496455.75,497933.71,0,0,,
501,TRANSFER,3961.52,C609032800,109779.43,105817.91,C408039971,56554.26,60515.78,0,0,,
503,PAYMENT,1181.48,C396749531,136045.44,134863.96,M978560710,0.0,0.0,0,0,,
503,CASH_OUT,5137.1,C880130138,26484.27,21347.17,M349635585,294315.93,299453.03,0,0,,
506,CASH_IN,15879.22,C949467426,43007.18,58886.4,C159720515,0.0,0.0,0,0,,
507,TRANSFER,5640.82,C456759112,137574.6,131933.78,C320262774,70422.23,76063.05,0,0,,
512,PAYMENT,151.42,C330607269,99176.91,99025.49,M671253446,0.0,0.0,0,0,,
513,PAYMENT,1308.94,C430441832,179613.12,178304.18,M542585225,0.0,0.0,0,0,,
513,CASH_OUT,10136.74,C585079581,96125.91,85989.17,M241374960,641183.7,651320.44,0,0,,
515,CASH_OUT,1070.26,C109945231,147705.94,146635.68,M914898084,730251.12,731321.38,0,0,,
517,PAYMENT,1721.36,C555978783,129239.3,127517.94,M353009459,0.0,0.0,0,0,,
530,PAYMENT,1607.68,C834844525,53452.4,51844.72,M373908492,0.0,0.0,0,0,,
536,CASH_IN,23463.29,C250669798,150360.92,173824.21,C732431230,0.0,0.0,0,0,,
537,CASH_IN,1919.2,C224441078,157091.24,159010.44,C743053733,0.0,0.0,0,0,,
538,PAYMENT,210.88,C231921220,96320.83,96109.95,M289842070,0.0,0.0,0,0,,
538,CASH_OUT,2851.29,C979676343,73427.58,70576.29,M166877405,513400.9,516252.19,0,0,,
543,TRANSFER,5554.86,C306735135,138843.23,133288.37,C928612833,66120.31,71675.17,0,0,,
543,CASH_IN,9289.93,C456037747,34014.82,43304.75,C734988960,0.0,0.0,0,0,,
546,CASH_IN,18407.02,C665650108,18642.61,37049.63,C543110111,0.0,0.0,0,0,,
550,CASH_IN,38467.58,C235746392,157487.76,195955.34,C865220765,0.0,0.0,0,0,,
550,PAYMENT,1487.8,C617527181,19069.39,17581.59,M635829303,0.0,0.0,0,0,,
551,TRANSFER,4321.02,C763823603,62935.04,58614.02,C745165789,0.0,4321.02,1,0,VELOCITY_FRAUD,Transfer 8 of 8 within a single step
551,TRANSFER,4303.41,C763823603,80149.43,75846.02,C381337395,0.0,4303.41,1,0,VELOCITY_FRAUD,Transfer 4 of 8 within a single step
551,TRANSFER,4292.28,C763823603,93065.06,88772.78,C517824263,0.0,4292.28,1,0,VELOCITY_FRAUD,Transfer 1 of 8 within a single step
551,TRANSFER,4281.68,C763823603,67216.72,62935.04,C637900191,0.0,4281.68,1,0,VELOCITY_FRAUD,Transfer 7 of 8 within a single step
551,TRANSFER,4297.2,C763823603,84446.63,80149.43,C933943218,0.0,4297.2,1,0,VELOCITY_FRAUD,Transfer 3 of 8 within a single step
551,TRANSFER,4326.15,C763823603,88772.78,84446.63,C990822277,0.0,4326.15,1,0,VELOCITY_FRAUD,Transfer 2 of 8 within a single step
551,TRANSFER,4302.22,C763823603,75846.02,71543.8,C174561939,0.0,4302.22,1,0,VELOCITY_FRAUD,Transfer 5 of 8 within a single step
551,TRANSFER,4327.08,C763823603,71543.8,67216.72,C765284497,0.0,4327.08,1,0,VELOCITY_FRAUD,Transfer 6 of 8 within a single step
552,CASH_OUT,8779.75,C733043189,153715.65,144935.9,M409113857,133417.89,142197.64,0,0,,
564,CASH_IN,14347.7,C130831466,133386.03,147733.73,C275236838,0.0,0.0,0,0,,
576,PAYMENT,1014.26,C739025775,30721.76,29707.5,M685197917,0.0,0.0,0,0,,
577,CASH_OUT,3404.12,C616919830,160681.84,157277.72,M933045771,617813.75,621217.87,0,0,,
582,PAYMENT,2008.94,C776481958,41549.63,39540.69,M191957573,0.0,0.0,0,0,,
582,CASH_IN,12998.46,C518325599,116600.07,129598.53,C492575150,0.0,0.0,0,0,,
582,PAYMENT,2318.64,C578990060,7071.6,4752.96,M517107225,0.0,0.0,0,0,,
585,PAYMENT,1201.56,C941530432,90144.08,88942.52,M700706352,0.0,0.0,0,0,,
585,CASH_IN,5942.81,C503280815,39019.33,44962.14,C690839149,0.0,0.0,0,0,,
588,PAYMENT,617.16,C763461638,10882.41,10265.25,M195590366,0.0,0.0,0,0,,
590,CASH_OUT,309.17,C846354818,130563.18,130254.01,M900246943,820989.09,821298.26,0,0,,
592,CASH_OUT,1954.78,C105076958,11032.96,9078.18,M574664532,334727.73,336682.51,0,0,,
593,PAYMENT,943.18,C859435611,171218.68,170275.5,M822432650,0.0,0.0,0,0,,
593,PAYMENT,561.0,C188451437,149007.41,148446.41,M115709179,0.0,0.0,0,0,,
595,CASH_OUT,3888.22,C145138813,68780.39,64892.17,M597969587,660862.21,664750.43,0,0,,
596,PAYMENT,1397.8,C902817507,129270.73,127872.93,M401097098,0.0,0.0,0,0,,
598,PAYMENT,1546.02,C707387748,123355.83,121809.81,M950510305,0.0,0.0,0,0,,
602,CASH_IN,28166.88,C764096641,77394.43,105561.31,C656699444,0.0,0.0,0,0,,
603,CASH_OUT,9422.58,C894201257,33854.58,24432.0,M169969700,804234.48,813657.06,0,0,,
603,TRANSFER,2043.2,C846066661,5520.56,3477.36,C338272858,33172.54,35215.74,0,0,,
605,CASH_IN,34534.78,C901121826,10667.94,45202.72,C842662134,0.0,0.0,0,0,,
608,PAYMENT,94.75,C536593526,108653.1,108558.35,M191951913,0.0,0.0,0,0,,
609,TRANSFER,2895.61,C992548755,91054.01,88158.4,C757334593,71835.92,74731.53,0,0,,
610,PAYMENT,44.71,C456373082,2197.1,2152.39,M346865279,0.0,0.0,0,0,,
618,DEBIT,1571.27,C818531093,119247.18,117675.91,M178495021,0.0,0.0,0,0,,
622,PAYMENT,2424.16,C560011534,120898.36,118474.2,M977632169,0.0,0.0,0,0,,
623,CASH_OUT,7390.02,C309860335,84902.34,77512.32,M728430345,165347.41,172737.43,0,0,,
624,CASH_OUT,250.08,C956384754,32227.61,31977.53,M128794339,667292.76,667542.84,0,0,,
626,CASH_IN,24930.01,C160675919,57962.33,82892.34,C978176743,0.0,0.0,0,0,,
629,TRANSFER,5235.37,C195307647,110899.42,105664.05,C964642480,5501.98,10737.35,0,0,,
630,PAYMENT,1096.48,C355213579,106277.67,105181.19,M334152455,0.0,0.0,0,0,,
631,TRANSFER,7378.66,C447543618,67315.05,59936.39,C674432194,62147.48,69526.14,0,0,,
639,PAYMENT,2164.44,C168052913,76714.22,74549.78,M228202825,0.0,0.0,0,0,,
643,TRANSFER,2624.2,C337824722,7110.98,4486.78,C629616378,33336.05,35960.25,0,0,,
645,CASH_IN,16279.05,C998655932,58174.64,74453.69,C534324549,0.0,0.0,0,0,,
646,PAYMENT,1903.07,C737183440,22651.74,20748.67,M350522219,0.0,0.0,0,0,,
654,TRANSFER,5836.94,C710753769,78711.86,72874.92,C334889755,88373.22,94210.16,0,0,,
658,CASH_OUT,11031.32,C198596428,110576.78,99545.46,M930458560,764525.57,775556.89,0,0,,
666,PAYMENT,2195.66,C889748087,168582.1,166386.44,M928839152,0.0,0.0,0,0,,
667,PAYMENT,904.47,C510503087,161540.88,160636.41,M453002459,0.0,0.0,0,0,,
672,PAYMENT,145.35,C413302007,152589.57,152444.22,M424322970,0.0,0.0,0,0,,
675,TRANSFER,2983.43,C121522587,144037.97,141054.54,C849853161,29233.69,32217.12,0,0,,
676,PAYMENT,726.26,C678581906,159900.58,159174.32,M153787792,0.0,0.0,0,0,,
680,CASH_OUT,11112.99,C395734649,174591.03,163478.04,M871324218,552222.89,563335.88,0,0,,
682,PAYMENT,2471.23,C892760886,43064.38,40593.15,M401918896,0.0,0.0,0,0,,
682,PAYMENT,2449.67,C223852135,53293.6,50843.93,M887270027,0.0,0.0,0,0,,
684,DEBIT,710.6,C748752129,20298.47,19587.87,M590366078,0.0,0.0,0,0,,
684,PAYMENT,690.94,C956745217,2001.4,1310.46,M258660069,0.0,0.0,0,0,,
688,PAYMENT,1200.81,C679337594,4162.87,2962.06,M249313027,0.0,0.0,0,0,,
690,CASH_OUT,1666.24,C443233763,54478.07,52811.83,M684156814,385647.95,387314.19,0,0,,
699,CASH_OUT,549.99,C489507444,114059.51,113509.52,M322069225,775282.47,775832.46,0,0,,
700,PAYMENT,1436.29,C795265702,10749.7,9313.41,M808420836,0.0,0.0,0,0,,
701,PAYMENT,1211.36,C578217271,67888.39,66677.03,M944298116,0.0,0.0,0,0,,
702,PAYMENT,693.97,C725917070,95792.46,95098.49,M852143529,0.0,0.0,0,0,,
705,PAYMENT,1632.83,C553873826,173197.84,171565.01,M799810961,0.0,0.0,0,0,,
716,PAYMENT,1683.64,C652275555,22602.28,20918.64,M145664124,0.0,0.0,0,0,,
719,TRANSFER,5211.7,C930346456,14352.49,9140.79,C561513281,82476.5,87688.2,0,0,,
